-- Data para specie
INSERT INTO "specie" ("name") VALUES
('Perro'),
('Gato'),
('Pez Betta'),
('Pez Dorado'),
('Cacatúa'),
('Canario'),
('Hamster Sirio'),
('Hamster Enano'),
('Conejo Enano'),
('Conejo Belier'),
('Iguana Verde'),
('Tortuga de Orejas Rojas'),
('Periquito Australiano'),
('Gallo Sedoso'),
('Gallo Japonés'),
('Gato Siamés'),
('Gato Persa'),
('Gato Bengalí'),
('Gato Esfinge'),
('Pez Guppy'),
('Pez Oscar'),
('Pez Koi'),
('Perro Chihuahua'),
('Perro Labrador Retriever'),
('Perro Golden Retriever'),
('Perro Pastor Alemán'),
('Perro Bulldog Francés'),
('Perro Pomerania'),
('Perro Shih Tzu'),
('Perro Pug'),
('Perro Schnauzer Miniatura'),
('Perro Border Collie'),
('Perro Beagle'),
('Perro Cocker Spaniel'),
('Perro Dálmata'),
('Perro Rottweiler'),
('Perro Doberman'),
('Perro Husky Siberiano'),
('Perro Malamute de Alaska'),
('Perro Bóxer'),
('Perro San Bernardo'),
('Perro Yorkshire Terrier'),
('Gato Azul Ruso'),
('Gato Maine Coon'),
('Gato Bosque de Noruega'),
('Gato British Shorthair'),
('Gato Highland Fold'),
('Gato Scottish Fold'),
('Gato Oriental de Pelo Corto'),
('Gato Cornish Rex'),
('Gato Devon Rex'),
('Cuyo'),
('Erizo Pigmeo Africano'),
('Hurón'),
('Serpiente del Maíz'),
('Boa Constrictor'),
('Periquito de Bourke'),
('Agaporni'),
('Loro Gris Africano'),
('Cacatúa Ninfa'),
('Cacatúa Galerita'),
('Loro Amazónico'),
('Loro Eclectus'),
('Loro Arcoíris'),
('Pez Disco'),
('Pez Molly'),
('Pez Platy'),
('Pez Tetra Neón'),
('Pez Escalar'),
('Pez Gourami'),
('Pez Corydora'),
('Pez Pleco'),
('Tortuga de Caja'),
('Camaleón pantera'),
('Gecko Leopardo'),
('Dragón Barbudo'),
('Anolis Verde'),
('Rana Dardo Venenosa (Doméstica)'),
('Axolotl'),
('Pato Pekín'),
('Pato Corredor Indio'),
('Ganso Doméstico'),
('Codorniz Japonesa'),
('Guacamayo Azul y Amarillo'),
('Cacatúa de Moño Amarillo'),
('Loro Cabeza Roja'),
('Paloma Doméstica'),
('Gallina Ponedora'),
('Gallina Sussex'),
('Gallina Leghorn'),
('Gallina Rhode Island'),
('Gallina Plymouth Rock'),
('Cerdo Miniatura'),
('Caballo Miniatura'),
('Caballo Shetland'),
('Burro Enano');

-- Data para specie_races
INSERT INTO "specie_races" ("specie_id", "name") VALUES
-- Perros (id 1)
(1, 'Labrador Retriever'),
(1, 'Golden Retriever'),
(1, 'Pastor Alemán'),
(1, 'Bulldog Francés'),
(1, 'Pomerania'),
(1, 'Chihuahua'),
(1, 'Beagle'),
(1, 'Schnauzer Miniatura'),
(1, 'Shih Tzu'),
(1, 'Pug'),
(1, 'Dálmata'),
(1, 'Border Collie'),
(1, 'San Bernardo'),
(1, 'Husky Siberiano'),
(1, 'Boxer'),

-- Gatos (id 2)
(2, 'Siamés'),
(2, 'Persa'),
(2, 'Maine Coon'),
(2, 'Azul Ruso'),
(2, 'British Shorthair'),
(2, 'Scottish Fold'),
(2, 'Bengalí'),
(2, 'Bosque de Noruega'),
(2, 'Esfinge'),
(2, 'Cornish Rex'),
(2, 'Devon Rex'),

-- Peces Betta (id 3)
(3, 'Betta Crowntail'),
(3, 'Betta Halfmoon'),
(3, 'Betta Plakat'),
(3, 'Betta Veiltail'),

-- Peces Dorados (id 4)
(4, 'Goldfish Ryukin'),
(4, 'Goldfish Oranda'),
(4, 'Goldfish Cometa'),
(4, 'Goldfish Ranchu'),

-- Cacatúa (id 5)
(5, 'Cacatúa Ninfa'),
(5, 'Cacatúa Galerita'),
(5, 'Cacatúa de Moño Amarillo'),

-- Canario (id 6)
(6, 'Canario Roller'),
(6, 'Canario de Color'),
(6, 'Canario de Canto Español'),

-- Hamster Sirio (id 7)
(7, 'Hamster Dorado'),
(7, 'Hamster de Pelo Largo'),
(7, 'Hamster Teddy Bear'),

-- Hamster Enano (id 8)
(8, 'Hamster Ruso Enano'),
(8, 'Hamster de Campbell'),
(8, 'Hamster Roborovski'),

-- Conejo Enano (id 9)
(9, 'Conejo Enano Holandés'),
(9, 'Conejo Mini Rex'),
(9, 'Conejo Enano de Netherland'),

-- Conejo Belier (id 10)
(10, 'Belier Inglés'),
(10, 'Belier Francés'),
(10, 'Belier Mini Lop'),

-- Iguana Verde (id 11)
(11, 'Iguana Común'),
(11, 'Iguana Azul'),
(11, 'Iguana Roja'),

-- Tortuga de Orejas Rojas (id 12)
(12, 'Orejas Rojas Juvenil'),
(12, 'Orejas Rojas Adulta'),

-- Periquito Australiano (id 13)
(13, 'Periquito Verde'),
(13, 'Periquito Azul'),
(13, 'Periquito Amarillo'),

-- Gallo Sedoso (id 14)
(14, 'Gallo Sedoso Blanco'),
(14, 'Gallo Sedoso Negro'),

-- Gallo Japonés (id 15)
(15, 'Gallo Japonés Blanco'),
(15, 'Gallo Japonés Dorado'),

-- Gato Highland Fold (id 48 aprox.)
(2, 'Highland Fold Blanco'),
(2, 'Highland Fold Gris'),

-- Loro Gris Africano (id 60 aprox.)
(60, 'Loro Gris Congo'),
(60, 'Loro Gris Timneh'),

-- Guacamayo Azul y Amarillo (id 91 aprox.)
(91, 'Guacamayo Azul Claro'),
(91, 'Guacamayo Azul Oscuro');


-- Data para owners
INSERT INTO "owner" ("name", "phone", "address") VALUES
('Carlos Mendoza', '50244551234', 'Calle 12, Zona 10, Ciudad de Guatemala'),
('Andrea López', '50255678901', 'Avenida Reforma, Zona 9, Ciudad de Guatemala'),
('Luis Gómez', '50241234567', 'Colonia Las Flores, Zona 7, Mixco'),
('María Rodríguez', '50249876543', 'Barrio San Juan, Zona 6, Villa Nueva'),
('Javier Pérez', '50242345678', 'Residencial El Prado, Zona 16, Ciudad de Guatemala'),
('Sofía Morales', '50243567890', 'Calle Real, Zona 2, Antigua Guatemala'),
('Gabriel Torres', '50247654321', 'Residencial Los Cedros, Zona 15, Ciudad de Guatemala'),
('Paola Castillo', '50242349876', 'Colonia Miraflores, Zona 11, Mixco'),
('Diego Herrera', '50249871234', 'Callejón del Carmen, Zona 1, Quetzaltenango'),
('Ana Martínez', '50244559876', 'Residencial Las Luces, Zona 14, Ciudad de Guatemala'),
('Ricardo Vásquez', '50242347890', 'Avenida Las Américas, Zona 13, Ciudad de Guatemala'),
('Fernanda Gutiérrez', '50245678923', 'Calle Los Álamos, Zona 12, Villa Nueva'),
('José Ramírez', '50247658934', 'Colonia Santa Marta, Zona 8, Mixco'),
('Claudia Sánchez', '50247896543', 'Boulevard San Cristóbal, Zona 8, Mixco'),
('Eduardo Morales', '50242345689', 'Avenida Los Pinos, Zona 7, Ciudad de Guatemala'),
('Patricia Jiménez', '50244329876', 'Colonia Los Encinos, Zona 5, Villa Nueva'),
('Roberto Herrera', '50244561234', 'Calle del Rosario, Zona 4, Antigua Guatemala'),
('Mónica Salazar', '50247894567', 'Barrio El Calvario, Zona 3, Quetzaltenango'),
('Daniel Castro', '50242347654', 'Residencial Santa Lucia, Zona 16, Ciudad de Guatemala'),
('Laura Aguilar', '50243219876', 'Colonia Panorama, Zona 10, Antigua Guatemala'),
('Sergio Delgado', '50245673219', 'Calle El Roble, Zona 13, Ciudad de Guatemala'),
('Diana Flores', '50249874321', 'Colonia Los Cipreses, Zona 11, Mixco'),
('Kevin Alvarado', '50242345987', 'Residencial La Riviera, Zona 15, Ciudad de Guatemala'),
('Valeria Rivera', '50247893456', 'Callejón Las Rosas, Zona 1, Quetzaltenango'),
('Esteban Ortiz', '50247652319', 'Colonia Bella Vista, Zona 7, Villa Nueva'),
('Natalia Vargas', '50244569876', 'Avenida Los Laureles, Zona 14, Ciudad de Guatemala'),
('Francisco Molina', '50245671234', 'Barrio Santa Clara, Zona 2, Antigua Guatemala'),
('Gabriela Romero', '50247659876', 'Residencial El Mirador, Zona 12, Mixco'),
('Alejandro Campos', '50242349871', 'Calle San Miguel, Zona 5, Ciudad de Guatemala'),
('Camila Paredes', '50247892345', 'Colonia La Esperanza, Zona 8, Villa Nueva'),
('Mauricio Cifuentes', '50243217896', 'Callejón El Sol, Zona 1, Antigua Guatemala'),
('Carolina Ponce', '50244567891', 'Residencial Las Palmas, Zona 9, Ciudad de Guatemala'),
('Víctor Estrada', '50249875678', 'Colonia Valle Verde, Zona 11, Mixco'),
('Patricia León', '50242347985', 'Barrio La Merced, Zona 4, Quetzaltenango'),
('Leonardo Fuentes', '50247653421', 'Residencial Santa Clara, Zona 16, Ciudad de Guatemala'),
('Mariana Beltrán', '50247896512', 'Colonia San Rafael, Zona 13, Ciudad de Guatemala'),
('Jonathan Cabrera', '50242346789', 'Calle Los Sauces, Zona 7, Villa Nueva'),
('Rebeca López', '50243218769', 'Residencial Monte Verde, Zona 15, Ciudad de Guatemala'),
('Sebastián Guerrero', '50247894321', 'Colonia El Progreso, Zona 2, Antigua Guatemala'),
('Carmen Soto', '50247652134', 'Barrio El Centro, Zona 3, Quetzaltenango'),
('Emilio Ortega', '50244562345', 'Callejón San Pedro, Zona 1, Antigua Guatemala'),
('Isabel Cabrera', '50242349862', 'Residencial Los Manzanos, Zona 10, Ciudad de Guatemala'),
('Felipe Corado', '50247893421', 'Colonia Los Castaños, Zona 8, Mixco'),
('Verónica Palma', '50247659834', 'Barrio La Libertad, Zona 4, Villa Nueva'),
('Álvaro Delgado', '50244563219', 'Residencial La Cañada, Zona 13, Ciudad de Guatemala'),
('Marcela Estrada', '50249873219', 'Callejón Los Ángeles, Zona 5, Quetzaltenango'),
('Rodrigo Salinas', '50242349891', 'Colonia Santa Fe, Zona 7, Villa Nueva'),
('Lucía Martínez', '50247893412', 'Barrio San Felipe, Zona 2, Antigua Guatemala'),
('Fernando Paz', '50243219834', 'Residencial Las Gardenias, Zona 9, Ciudad de Guatemala');

-- Data para pet_shop
INSERT INTO "pet" ("spcie_race_id", "owner_id", "weight", "birth_date", "isAlive") VALUES
(1, 1, 28.50, '2018-06-12', true),
(2, 1, 29.20, '2019-07-22', true),
(3, 2, 0.25, '2022-03-15', true),
(4, 2, 0.40, '2023-05-05', true),
(5, 3, 0.85, '2018-11-10', false),
(6, 3, 0.50, '2019-08-20', true),
(7, 4, 0.60, '2020-09-30', true),
(8, 4, 0.10, '2021-01-25', false),
(9, 5, 1.20, '2017-12-12', true),
(10, 5, 1.80, '2016-05-18', true),
(11, 6, 35.00, '2015-03-14', false),
(12, 6, 32.40, '2020-09-22', true),
(13, 7, 0.70, '2019-04-10', true),
(14, 7, 0.80, '2023-08-19', true),
(15, 8, 1.00, '2017-11-05', true),
(16, 8, 1.50, '2021-02-15', true),
(17, 9, 30.50, '2015-09-12', true),
(18, 9, 25.20, '2020-10-22', true),
(19, 10, 0.45, '2022-07-11', true),
(20, 10, 0.35, '2023-03-18', true),
(11, 11, 4.50, '2017-11-30', true),
(12, 11, 5.80, '2019-12-15', false),
(13, 12, 0.25, '2020-01-22', true),
(14, 12, 0.30, '2021-04-20', true),
(15, 13, 1.10, '2018-08-11', false),
(16, 13, 0.95, '2019-10-05', true),
(17, 14, 24.30, '2015-02-10', true),
(18, 14, 26.70, '2021-05-09', true),
(19, 15, 0.50, '2017-03-14', true),
(20, 15, 0.60, '2023-01-02', true),
(21, 16, 4.80, '2022-04-18', true),
(22, 16, 5.20, '2020-06-25', true),
(23, 17, 1.30, '2018-07-13', true),
(24, 17, 1.50, '2019-09-19', false),
(25, 18, 25.80, '2016-05-21', true),
(26, 18, 28.00, '2021-07-11', true),
(27, 19, 0.80, '2019-03-18', true),
(28, 19, 0.90, '2022-05-15', true),
(29, 20, 0.35, '2020-09-12', true),
(30, 20, 0.40, '2021-11-08', true),
(31, 21, 34.00, '2017-02-17', true),
(32, 21, 30.50, '2022-06-05', true),
(33, 22, 1.10, '2018-12-14', true),
(34, 22, 1.40, '2019-10-10', false),
(35, 23, 3.20, '2017-01-21', true),
(36, 23, 2.80, '2023-03-14', true),
(37, 24, 0.30, '2020-08-19', true),
(38, 24, 0.40, '2021-12-05', true),
(39, 25, 0.50, '2022-09-07', true),
(40, 25, 0.60, '2023-02-16', false),
(41, 26, 2.30, '2016-06-10', true),
(42, 26, 3.10, '2022-08-04', true),
(43, 27, 27.40, '2015-05-09', true),
(44, 27, 30.20, '2020-07-11', true),
(45, 28, 0.20, '2021-01-19', true),
(46, 28, 0.25, '2022-03-10', true),
(47, 29, 0.90, '2019-04-11', true),
(48, 29, 1.10, '2023-05-15', true),
(49, 30, 0.45, '2020-07-21', true),
(50, 30, 0.50, '2022-09-30', false),
(51, 31, 5.60, '2018-06-14', true),
(52, 31, 6.00, '2021-11-12', true),
(53, 32, 1.40, '2019-02-19', true),
(54, 32, 1.70, '2023-03-25', true),
(55, 33, 24.80, '2015-09-20', true),
(56, 33, 28.10, '2021-05-12', true),
(57, 34, 0.30, '2020-10-30', true),
(58, 34, 0.35, '2022-01-05', false),
(59, 35, 0.80, '2018-03-14', true),
(60, 35, 1.00, '2022-04-28', true),
(61, 36, 3.40, '2017-11-17', true),
(62, 36, 4.00, '2023-02-12', true),
(63, 37, 0.60, '2019-05-19', true),
(64, 37, 0.70, '2022-07-20', true),
(65, 38, 0.15, '2020-06-05', true),
(66, 38, 0.18, '2021-08-18', true),
(67, 39, 2.20, '2018-09-09', true),
(68, 39, 2.50, '2023-01-15', true),
(69, 40, 28.40, '2016-04-24', true);

-- Data para vaccines
INSERT INTO "vaccine" ("name") VALUES
('Vacuna contra la Rabia (Perros)'),
('Vacuna contra el Moquillo Canino'),
('Vacuna contra el Parvovirus Canino'),
('Vacuna contra la Hepatitis Infecciosa Canina'),
('Vacuna contra la Parainfluenza Canina'),
('Vacuna Leptospirosis Canina'),
('Vacuna Bordetella Bronchiseptica (Tos de las Perreras)'),
('Vacuna contra el Coronavirus Canino'),
('Vacuna contra la Rabia (Gatos)'),
('Vacuna contra la Panleucopenia Felina'),
('Vacuna contra la Rinotraqueítis Viral Felina'),
('Vacuna contra el Calicivirus Felino'),
('Vacuna contra la Leucemia Felina'),
('Vacuna contra la Peritonitis Infecciosa Felina (PIF)'),
('Vacuna contra Chlamydophila Felina'),
('Vacuna contra la Rabia (Conejos)'),
('Vacuna contra la Enfermedad Vírica Hemorrágica del Conejo (EVH)'),
('Vacuna contra la Mixomatosis del Conejo'),
('Vacuna contra la Salmonelosis en Conejos'),
('Vacuna contra la Encefalitozoonosis del Conejo'),
('Vacuna contra la Enfermedad de Newcastle (Aves)'),
('Vacuna contra la Bronquitis Infecciosa Aviar'),
('Vacuna contra la Gumboro (Infección Bursal)'),
('Vacuna contra la Viruela Aviar'),
('Vacuna contra la Encefalomielitis Aviar'),
('Vacuna contra la Colibacilosis Aviar'),
('Vacuna contra la Salmonelosis Aviar'),
('Vacuna contra el Marek (Aves)'),
('Vacuna contra la Coriza Infecciosa (Aves)'),
('Vacuna contra Mycoplasma Gallisepticum (Aves)'),
('Vacuna contra la Aeromoniasis (Peces)'),
('Vacuna contra Streptococcus iniae (Peces)'),
('Vacuna contra el Vibriosis (Peces)'),
('Vacuna contra la Piscirickettsiosis (Peces)'),
('Vacuna contra la Tenacibaculosis (Peces)'),
('Vacuna multivalente peces agua fría'),
('Vacuna contra ranavirus (Anfibios)'),
('Desparasitación Interna General'),
('Desparasitación Externa General'),
('Antiparasitario Interno para Reptiles'),
('Antiparasitario Externo para Reptiles'),
('Vacuna contra Mycoplasma agassizii (Reptiles)'),
('Vitamina Complejo B Reforzado'),
('Vacuna contra el Herpesvirus Chelonid (Tortugas)'),
('Vacuna contra la Salmonelosis en Tortugas'),
('Vacuna contra Dermatitis Bacteriana en Tortugas'),
('Vacuna contra la Pododermatitis en Aves'),
('Vacuna contra la Bronquitis Crónica Felina'),
('Suplemento Inmunológico Canino'),
('Suplemento Inmunológico Felino'),
('Vacuna contra la Sarna (Perros)'),
('Vacuna contra la Sarna (Gatos)'),
('Vacuna contra Leptospira interrogans (General)'),
('Vacuna contra Campylobacteriosis Aviar'),
('Vacuna contra la Bordetella en Conejos'),
('Vacuna contra la Pasteurelosis en Conejos'),
('Vacuna contra la Peste Porcina Clásica (Mascotas de granja)'),
('Vacuna contra la Enfermedad de Aujeszky (Mascotas de granja)'),
('Vacuna contra Rinitis Atrófica Porcina'),
('Vacuna contra el Cólera Aviar'),
('Vacuna contra la Neumonía Porcina'),
('Vacuna contra Streptococcus suis (Mascotas de granja)'),
('Vacuna contra la Actinobacilosis Pleuropulmonar'),
('Vacuna contra el Clostridium perfringens'),
('Vacuna contra el Rotavirus (General)'),
('Vacuna contra el Coronavirus Entérico'),
('Vacuna contra E. coli enterotoxigénica'),
('Vacuna contra la Giardia (Perros y gatos)'),
('Vacuna contra la Toxoplasmosis (Gatos)'),
('Vacuna contra Hemobartonella (Gatos)'),
('Vacuna contra el Virus del Papiloma Canino'),
('Vacuna contra el Adenovirus tipo 2 (Perros)'),
('Vacuna combinada Moquillo-Parvo-Hepatitis'),
('Vacuna combinada Moquillo-Parvo-Rabia'),
('Vacuna combinada Parvo-Hepatitis-Lepto'),
('Vacuna contra el Clamidia Psittaci (Aves)'),
('Vacuna contra la Salmonelosis en Reptiles'),
('Vacuna contra el Vibriosis en Reptiles'),
('Vacuna contra Hongos Cutáneos (General)'),
('Vacuna contra la Leptospirosis para animales exóticos'),
('Vacuna contra Bordetella avium (Aves)'),
('Vacuna contra la Campilobacteriosis (Reptiles)'),
('Suplemento Multivitamínico para Roedores'),
('Vacuna contra la Enfermedad de Tyzzer (Roedores)'),
('Vacuna contra Coccidiosis (General)'),
('Vacuna contra la Laringotraqueítis Infecciosa Aviar'),
('Vacuna contra Mycobacterium avium (Aves)'),
('Vacuna contra Pasteurella multocida (Aves)'),
('Vacuna contra la Bursitis Infecciosa (Aves)'),
('Vacuna contra el Virus de la Anemia Infecciosa Aviar'),
('Vacuna contra Micobacterias en Peces'),
('Vacuna contra Iridovirus en Peces'),
('Vacuna contra la Streptococosis en Peces'),
('Vacuna contra la Pasteurelosis en Peces'),
('Vacuna contra la Enteritis Necrotizante en Peces'),
('Vacuna multivalente para Roedores de compañía'),
('Vacuna multivalente para Reptiles de compañía'),
('Vacuna combinada para Conejos domésticos');

-- Data para pet_vaccines
INSERT INTO "pet_vaccines" ("pet_id", "vaccine_id") VALUES
(221, 5),
(222, 12),
(223, 23),
(224, 45),
(225, 9),
(226, 34),
(227, 55),
(228, 16),
(229, 78),
(230, 2),
(231, 67),
(232, 8),
(233, 19),
(234, 42),
(235, 60),
(236, 31),
(237, 14),
(238, 88),
(239, 53),
(240, 21),
(241, 35),
(242, 47),
(243, 26),
(244, 3),
(245, 70),
(246, 6),
(247, 15),
(248, 90),
(249, 58),
(250, 7),
(251, 27),
(252, 84),
(253, 39),
(254, 10),
(255, 66),
(256, 49),
(257, 17),
(258, 51),
(259, 79),
(260, 20),
(261, 12),
(262, 61),
(263, 36),
(264, 95),
(265, 43),
(266, 13),
(267, 75),
(268, 97),
(269, 18),
(270, 29),
(271, 56),
(272, 40),
(273, 73),
(274, 22),
(275, 4),
(276, 28),
(277, 86),
(278, 1),
(279, 33),
(280, 41),
(281, 68),
(282, 25),
(283, 94),
(284, 38),
(285, 37),
(286, 30),
(287, 76),
(288, 62),
(289, 80),
(290, 98),
(291, 87),
(292, 50),
(293, 85),
(294, 11),
(295, 44),
(296, 32),
(297, 59),
(298, 46),
(299, 71),
(221, 64),
(222, 52),
(223, 24),
(224, 92),
(225, 65),
(226, 19),
(227, 82),
(228, 91),
(229, 57),
(230, 98),
(231, 74),
(232, 54),
(233, 93),
(234, 96),
(235, 63),
(236, 48),
(237, 69),
(238, 97),
(239, 83),
(240, 81);


-- Data para medical_treatment
INSERT INTO "medical_treatment" ("pet_id", "description") VALUES
(221, 'Tratamiento contra parásitos internos'),
(222, 'Vacunación de refuerzo anual'),
(223, 'Tratamiento para dermatitis'),
(224, 'Control de peso y dieta especial'),
(225, 'Postoperatorio de esterilización'),
(226, 'Tratamiento para otitis'),
(227, 'Tratamiento antipulgas'),
(228, 'Desparasitación externa'),
(229, 'Revisión dental completa'),
(230, 'Tratamiento para gastroenteritis'),
(231, 'Tratamiento contra sarna'),
(232, 'Limpieza de glándulas anales'),
(233, 'Chequeo geriátrico general'),
(234, 'Tratamiento para alergias cutáneas'),
(235, 'Tratamiento de luxación patelar'),
(236, 'Tratamiento ocular por conjuntivitis'),
(237, 'Recuperación post fractura'),
(238, 'Tratamiento para insuficiencia renal'),
(239, 'Profilaxis dental'),
(240, 'Tratamiento para displasia de cadera'),
(241, 'Rehabilitación física'),
(242, 'Tratamiento respiratorio por bronquitis'),
(243, 'Extracción de espigas'),
(244, 'Chequeo general preoperatorio'),
(245, 'Vacunación contra la rabia'),
(246, 'Tratamiento para infecciones urinarias'),
(247, 'Aplicación de vitaminas'),
(248, 'Control de parásitos intestinales'),
(249, 'Cirugía correctiva de párpado'),
(250, 'Aplicación de suero por deshidratación'),
(251, 'Tratamiento para abscesos'),
(252, 'Limpieza y curación de heridas'),
(253, 'Tratamiento por mordedura de otro animal'),
(254, 'Tratamiento por intoxicación alimentaria'),
(255, 'Postoperatorio de cesárea'),
(256, 'Tratamiento para epilepsia'),
(257, 'Control de glucosa en sangre'),
(258, 'Tratamiento para hongos en la piel'),
(259, 'Revisión post vacuna'),
(260, 'Rehabilitación post cirugía'),
(261, 'Tratamiento preventivo de parásitos'),
(262, 'Tratamiento de anemia'),
(263, 'Tratamiento para infección ocular'),
(264, 'Control de alergias estacionales'),
(265, 'Tratamiento de gastritis'),
(266, 'Tratamiento por golpe de calor'),
(267, 'Tratamiento de heridas quirúrgicas'),
(268, 'Tratamiento por artritis'),
(269, 'Control posparto'),
(270, 'Tratamiento para insuficiencia hepática'),
(271, 'Tratamiento de laringitis'),
(272, 'Desparasitación de seguimiento'),
(273, 'Tratamiento para infección de oído'),
(274, 'Curación de heridas por rasguño'),
(275, 'Tratamiento para virus respiratorio'),
(276, 'Tratamiento por traumatismo menor'),
(277, 'Tratamiento para pancreatitis'),
(278, 'Curación de quemaduras leves'),
(279, 'Tratamiento para infección bacteriana'),
(280, 'Tratamiento para gingivitis'),
(281, 'Tratamiento por picadura de insecto'),
(282, 'Tratamiento para herpes felino'),
(283, 'Control postoperatorio de castración'),
(284, 'Aplicación de antibióticos inyectables'),
(285, 'Tratamiento de cistitis'),
(286, 'Tratamiento preventivo por cambio de estación'),
(287, 'Rehabilitación por lesión muscular'),
(288, 'Tratamiento para enteritis'),
(289, 'Curación de fractura de extremidad'),
(290, 'Tratamiento para síndrome vestibular'),
(291, 'Aplicación de suero vitamínico'),
(292, 'Control de hipertensión'),
(293, 'Tratamiento para leucemia felina'),
(294, 'Tratamiento post vacuna múltiple'),
(295, 'Revisión de puntos de sutura'),
(296, 'Tratamiento de sarna sarcóptica'),
(297, 'Profilaxis antiparasitaria'),
(298, 'Tratamiento por golpe y contusión'),
(299, 'Tratamiento de insuficiencia cardíaca'),
(221, 'Tratamiento preventivo anual'),
(222, 'Control de masa subcutánea'),
(223, 'Tratamiento de otitis externa'),
(224, 'Tratamiento de infección intestinal'),
(225, 'Revisión post extracción dental'),
(226, 'Tratamiento para gingivoestomatitis'),
(227, 'Tratamiento para tiña'),
(228, 'Revisión post desparasitación'),
(229, 'Tratamiento de micosis cutánea'),
(230, 'Control de peso por obesidad'),
(231, 'Tratamiento de problemas digestivos'),
(232, 'Tratamiento para tenias'),
(233, 'Curación de úlcera corneal'),
(234, 'Tratamiento por diarrea crónica'),
(235, 'Tratamiento de anemia felina'),
(236, 'Aplicación de antipulgas mensual'),
(237, 'Chequeo general para viaje'),
(238, 'Revisión anual completa'),
(239, 'Tratamiento para pododermatitis'),
(240, 'Tratamiento por alergia alimentaria'),
(241, 'Tratamiento de traumatismo craneal'),
(242, 'Tratamiento de bronconeumonía'),
(243, 'Curación de heridas abiertas'),
(244, 'Tratamiento post vacunación antirrábica'),
(245, 'Control de endoparásitos'),
(246, 'Tratamiento de miasis cutánea'),
(247, 'Revisión de implante quirúrgico'),
(248, 'Tratamiento por golpe de calor leve'),
(249, 'Tratamiento de infección viral'),
(250, 'Tratamiento de coccidiosis');

-- Data para categories
INSERT INTO "category" ("name") VALUES
('Alimento para perros'),
('Alimento para gatos'),
('Alimento para peces'),
('Alimento para aves'),
('Alimento para roedores'),
('Alimento para reptiles'),
('Alimento para conejos'),
('Juguetes para perros'),
('Juguetes para gatos'),
('Juguetes para aves'),
('Juguetes para roedores'),
('Juguetes para reptiles'),
('Camas para perros'),
('Camas para gatos'),
('Camas para roedores'),
('Transportadoras'),
('Rascadores para gatos'),
('Jaulas para aves'),
('Jaulas para roedores'),
('Terrarios para reptiles'),
('Filtros para acuarios'),
('Accesorios para acuarios'),
('Decoraciones para acuarios'),
('Sustratos para acuarios'),
('Comederos y bebederos'),
('Collares para perros'),
('Collares para gatos'),
('Correas para perros'),
('Arneses para perros'),
('Productos antipulgas'),
('Shampoo para mascotas'),
('Higiene dental para mascotas'),
('Desparasitantes internos'),
('Desparasitantes externos'),
('Suplementos vitamínicos'),
('Snacks y premios para perros'),
('Snacks y premios para gatos'),
('Snacks para roedores'),
('Peceras'),
('Bombas de agua para acuarios'),
('Plantas acuáticas'),
('Accesorios para entrenamiento'),
('Productos para peluquería'),
('Cepillos y peines'),
('Arenas sanitarias para gatos'),
('Arenas sanitarias para roedores'),
('Iluminación para acuarios'),
('Calefactores para acuarios'),
('Productos para control de olores');

-- Data para product
INSERT INTO "product" ("category_id", "name", "brand", "current_stock") VALUES
(1, 'Croquetas Premium para Perro Adulto', 'CaninePro', 45),
(1, 'Alimento Húmedo Cachorros', 'PetDelight', 72),
(2, 'Croquetas para Gato Esterilizado', 'FelineCare', 53),
(2, 'Paté Gourmet para Gato', 'WhiskerJoy', 60),
(3, 'Escamas Nutritivas para Peces Tropicales', 'AquaLife', 85),
(3, 'Granulado Premium para Peces', 'OceanicFeed', 40),
(4, 'Alimento para Canarios', 'FeatherBest', 55),
(4, 'Mix de Semillas para Loros', 'AvianSelect', 38),
(5, 'Pellets Nutritivos para Hámster', 'Rodentia', 62),
(5, 'Mix de Semillas para Cobayas', 'CaviaCare', 47),
(6, 'Pellets Balanceados para Iguanas', 'ReptiFood', 28),
(6, 'Mix de Frutas para Tortugas', 'ShellSnack', 33),
(7, 'Pellets Premium para Conejos', 'BunnyLove', 44),
(7, 'Alfalfa Deshidratada', 'GreenRabbit', 58),
(8, 'Pelota Interactiva para Perros', 'PlayPaws', 69),
(8, 'Hueso de Goma Reforzado', 'ChewPro', 57),
(9, 'Ratón de Felpa para Gatos', 'CatFun', 65),
(9, 'Caña de Pescar con Plumas', 'FelinePlay', 52),
(10, 'Columpio para Aves', 'BirdJoy', 49),
(10, 'Espejo con Campana para Jaulas', 'AvianFun', 34),
(11, 'Rueda de Ejercicio para Roedores', 'RodentRun', 58),
(11, 'Casa Refugio para Hámster', 'MiniNest', 47),
(12, 'Rama Artificial para Terrario', 'ReptiDecor', 42),
(12, 'Cueva de Resina para Reptiles', 'HabitatPro', 39),
(13, 'Filtro Interno para Acuario', 'AquaFlow', 73),
(13, 'Filtro Externo para Acuario', 'ClearWater', 60),
(14, 'Aspiradora de Grava para Acuarios', 'CleanAqua', 35),
(14, 'Decoración de Barco Hundido', 'AquaDecor', 42),
(15, 'Plantas Artificiales para Acuario', 'AquaPlant', 57),
(15, 'Sustrato Negro para Acuario', 'SubstratoPro', 65),
(16, 'Bebedero Automático para Mascotas', 'FreshDrink', 70),
(16, 'Comedero Antivoracidad', 'EatSlow', 44),
(17, 'Collar Reflectante para Perros', 'SafetyPaws', 80),
(17, 'Collar de Cuero Ajustable', 'LeatherPet', 58),
(18, 'Collar con Cascabel para Gatos', 'WhiskerBell', 69),
(18, 'Collar Antipulgas para Gatos', 'FelineGuard', 51),
(19, 'Correa Retráctil para Perros', 'FlexiWalk', 59),
(19, 'Correa de Nylon Reforzada', 'StrongLeash', 42),
(20, 'Arnés Antitirones para Perros', 'ControlPet', 66),
(20, 'Arnés Chaleco de Seguridad', 'SafeWalk', 49),
(21, 'Pipeta Antipulgas para Perros', 'BugOff', 54),
(21, 'Spray Repelente de Pulgas', 'PawGuard', 38),
(22, 'Shampoo Hipoalergénico', 'CleanPet', 46),
(22, 'Shampoo Antipulgas', 'FleaAway', 55),
(23, 'Cepillo Dental para Mascotas', 'SmilePet', 61),
(23, 'Kit de Higiene Dental', 'DentalCare', 40),
(24, 'Desparasitante Interno en Tabletas', 'Parasitex', 70),
(24, 'Jarabe Antiparasitario', 'WormOut', 52),
(25, 'Spray Antiparasitario Externo', 'ProtectPet', 48),
(25, 'Collar Desparasitante Externo', 'ShieldPet', 37),
(26, 'Vitaminas Multiespecie', 'VitaPet', 60),
(26, 'Suplemento Reforzante para Inmunidad', 'ImmunoBoost', 53),
(27, 'Snack Dental para Perros', 'ChewClean', 77),
(27, 'Galletas Orgánicas para Perros', 'NaturalTreats', 69),
(28, 'Snacks de Salmón para Gatos', 'FishyBites', 58),
(28, 'Premios de Pollo para Gatos', 'CatLicious', 64),
(29, 'Snack de Zanahoria para Roedores', 'CrunchyVeggie', 43),
(29, 'Barritas de Frutas para Roedores', 'FruitSnack', 37),
(30, 'Pecera de Cristal 40L', 'AquaGlass', 32),
(30, 'Pecera Panorámica 20L', 'OceanView', 46),
(31, 'Bomba de Agua Silenciosa', 'FlowSilent', 50),
(31, 'Bomba Sumergible para Acuario', 'AquaPump', 39),
(32, 'Plantas Naturales para Acuario', 'AquaNature', 44),
(32, 'Plantas Flotantes para Acuario', 'FloatGreen', 35),
(33, 'Clicker de Entrenamiento', 'TrainPro', 62),
(33, 'Tapete Educador para Cachorros', 'PeeTrainer', 54),
(34, 'Tijeras para Peluquería Canina', 'GroomerCut', 47),
(34, 'Secadora para Mascotas', 'PetDryer', 41),
(35, 'Cepillo de Cerdas Suaves', 'SoftBrush', 55),
(35, 'Peine para Subpelo', 'UndercoatPro', 49),
(36, 'Arena Sanitaria para Gatos', 'CleanCat', 75),
(36, 'Arena Aglomerante Premium', 'ClumpEasy', 68),
(37, 'Arena para Roedores', 'RodentSand', 50),
(37, 'Arena Absorbente para Roedores', 'DryNest', 44),
(38, 'Luz LED para Acuarios', 'BrightAqua', 63),
(38, 'Iluminación Multicolor para Acuarios', 'ColorLight', 57),
(39, 'Calefactor para Acuario 100W', 'ThermoAqua', 46),
(39, 'Calefactor Regulable para Acuario', 'HeatControl', 35),
(40, 'Spray Eliminador de Olores', 'FreshHome', 61),
(40, 'Neutralizador de Olores para Arena', 'OdorBlock', 58),
(41, 'Transportadora Mediana para Perros', 'SafeTravel', 42),
(41, 'Transportadora Pequeña para Gatos', 'PetCarrier', 39),
(42, 'Rascador en Torre para Gatos', 'ClimbCat', 53),
(42, 'Rascador con Escondite', 'HideScratch', 48),
(43, 'Jaula Espaciosa para Loros', 'BirdPalace', 46),
(43, 'Jaula Compacta para Periquitos', 'FeatherHome', 38),
(44, 'Jaula de Tres Niveles para Roedores', 'RodentTower', 52),
(44, 'Jaula Simple para Hámster', 'HamsterHome', 40),
(45, 'Terrario de Vidrio 60cm', 'ReptiGlass', 36),
(45, 'Terrario con Ventilación Lateral', 'HabitatAir', 42),
(46, 'Filtro Canister para Acuarios', 'ClearFlow', 59),
(46, 'Filtro de Esponja para Acuarios', 'BubbleClean', 47),
(47, 'Decoración de Rocas para Acuario', 'RockDecor', 54),
(47, 'Decoración de Cueva Submarina', 'OceanHide', 43),
(48, 'Sustrato Natural para Acuarios', 'AquaSoil', 66),
(48, 'Sustrato Negro Premium', 'BlackBase', 60),
(49, 'Arenas de Sílice para Gatos', 'SilicaCat', 70),
(49, 'Arena Biodegradable para Gatos', 'EcoClean', 57);

-- Data para inventory_logs
INSERT INTO "inventory_logs" ("quantity", "product_id") VALUES
-- Productos con stock restante
(-30, 101),
(-40, 102),
(-40, 103),
(-20, 104),
(-20, 105),
(-20, 106),
(-30, 107),
(-30, 108),
(-30, 109),
(-20, 110),
(-20, 111),
(-20, 112),
(-25, 113),
(-40, 114),
(-20, 115),
(-30, 116),
(-40, 117),
(-40, 118),
(-20, 119),
(-40, 120),
(-20, 121),
(-30, 122),
(-20, 123),
(-20, 124),
(-30, 125),
(-30, 126),
(-40, 127),
(-20, 128),
(-20, 129),
(-30, 130),
(-20, 131),
(-20, 132),
(-30, 133),
(-20, 134),
(-30, 135),
(-40, 136),
(-30, 137),
(-20, 138),
(-20, 139),
(-30, 140),
(-20, 141),
(-30, 142),
(-30, 143),
(-20, 144),
(-30, 145),
(-30, 146),
(-40, 147),
(-30, 148),
(-30, 149),
(-40, 150),

-- Productos agotados (stock inicial - quantity = 0)
(-45, 151),
(-58, 152),
(-65, 153),
(-42, 154),
(-55, 155),
(-69, 156),
(-53, 157),
(-62, 158),
(-46, 159),
(-50, 160),
(-57, 161),
(-63, 162),
(-61, 163),
(-44, 164),
(-59, 165),
(-49, 166),
(-60, 167),
(-43, 168),
(-70, 169),
(-57, 170),
(-42, 171),
(-39, 172),
(-53, 173),
(-48, 174),
(-36, 175),
(-42, 176),
(-59, 177),
(-43, 178),
(-70, 179),
(-57, 180),
(-42, 181),
(-39, 182),
(-53, 183),
(-48, 184),
(-36, 185),
(-42, 186),
(-59, 187),
(-43, 188),
(-70, 189),
(-57, 190),
(-42, 191),
(-39, 192),
(-53, 193),
(-48, 194),
(-36, 195),
(-42, 196),
(-59, 197),
(-43, 198);

-- Data para appointment
INSERT INTO "appointment" ("pet_id", "owner_id", "date") VALUES
(221, 5, '2024-01-15 09:00:00'),
(222, 7, '2024-02-18 14:30:00'),
(223, 12, '2024-03-22 11:00:00'),
(224, 5, '2024-04-10 16:00:00'),
(225, 18, '2024-05-05 13:00:00'),
(226, 23, '2024-06-14 10:30:00'),
(227, 9, '2024-07-21 15:00:00'),
(228, 4, '2024-08-12 12:00:00'),
(229, 25, '2024-09-03 08:30:00'),
(230, 2, '2024-10-28 17:00:00'),
(231, 15, '2024-11-06 09:30:00'),
(232, 8, '2024-12-19 14:00:00'),
(233, 14, '2024-01-07 16:30:00'),
(234, 22, '2024-02-20 13:30:00'),
(235, 19, '2024-03-14 11:30:00'),
(236, 1, '2024-04-24 15:30:00'),
(237, 3, '2024-05-18 10:00:00'),
(238, 6, '2024-06-08 09:30:00'),
(239, 28, '2024-07-25 16:00:00'),
(240, 30, '2024-08-16 14:00:00'),
(241, 11, '2024-09-09 08:00:00'),
(242, 13, '2024-10-22 17:30:00'),
(243, 16, '2024-11-17 11:00:00'),
(244, 20, '2024-12-03 13:00:00'),
(245, 26, '2024-01-23 09:00:00'),
(246, 27, '2024-02-27 15:00:00'),
(247, 32, '2024-03-09 14:30:00'),
(248, 17, '2024-04-15 08:30:00'),
(249, 10, '2024-05-26 10:30:00'),
(250, 21, '2024-06-30 12:30:00'),
(251, 29, '2024-07-19 16:30:00'),
(252, 33, '2024-08-05 11:00:00'),
(253, 7, '2024-09-12 13:30:00'),
(254, 36, '2024-10-08 15:00:00'),
(255, 42, '2024-11-28 10:00:00'),
(256, 39, '2024-12-14 16:00:00'),
(257, 24, '2024-01-19 09:30:00'),
(258, 38, '2024-02-11 14:00:00'),
(259, 47, '2024-03-30 12:00:00'),
(260, 48, '2024-04-06 15:30:00'),
(261, 44, '2024-05-22 11:30:00'),
(262, 45, '2024-06-18 13:00:00'),
(263, 46, '2024-07-28 14:30:00'),
(264, 50, '2024-08-03 16:00:00'),
(265, 31, '2024-09-17 08:30:00'),
(266, 40, '2024-10-11 17:30:00'),
(267, 49, '2024-11-20 09:00:00'),
(268, 37, '2024-12-27 15:30:00'),
(269, 34, '2024-01-29 11:00:00'),
(270, 35, '2024-02-05 12:30:00'),
(271, 41, '2024-03-16 16:30:00'),
(272, 43, '2024-04-19 13:00:00'),
(273, 5, '2024-05-13 10:00:00'),
(274, 8, '2024-06-26 09:00:00'),
(275, 2, '2024-07-31 14:00:00'),
(276, 12, '2024-08-25 13:30:00'),
(277, 15, '2024-09-06 15:00:00'),
(278, 9, '2024-10-29 16:30:00'),
(279, 19, '2024-11-09 11:30:00'),
(280, 23, '2024-12-23 09:30:00'),
(281, 1, '2024-01-11 14:00:00'),
(282, 13, '2024-02-24 15:00:00'),
(283, 6, '2024-03-21 10:00:00'),
(284, 3, '2024-04-02 12:00:00'),
(285, 22, '2024-05-15 11:30:00'),
(286, 27, '2024-06-12 13:00:00'),
(287, 30, '2024-07-23 16:00:00'),
(288, 4, '2024-08-20 09:30:00'),
(289, 26, '2024-09-15 08:00:00'),
(290, 31, '2024-10-25 14:30:00'),
(291, 20, '2024-11-30 13:00:00'),
(292, 16, '2024-12-07 15:30:00'),
(293, 17, '2024-01-21 11:00:00'),
(294, 21, '2024-02-13 12:30:00'),
(295, 7, '2024-03-28 16:00:00'),
(296, 24, '2024-04-22 14:00:00'),
(297, 11, '2024-05-29 09:00:00'),
(298, 18, '2024-06-20 10:30:00'),
(299, 25, '2024-07-14 16:30:00');

-- Data para sale
INSERT INTO "sale" ("owner_id", "date") VALUES
(5, '2024-01-15 09:15:00'),
(12, '2024-01-16 10:30:00'),
(7, '2024-01-18 14:45:00'),
(5, '2024-01-20 11:20:00'),
(18, '2024-01-22 16:05:00'),
(23, '2024-01-25 13:40:00'),
(9, '2024-01-28 15:00:00'),
(4, '2024-02-01 12:00:00'),
(25, '2024-02-03 08:30:00'),
(2, '2024-02-05 17:00:00'),
(15, '2024-02-08 09:30:00'),
(8, '2024-02-10 14:00:00'),
(14, '2024-02-13 16:30:00'),
(22, '2024-02-16 13:30:00'),
(19, '2024-02-19 11:30:00'),
(1, '2024-02-22 15:30:00'),
(3, '2024-02-25 10:00:00'),
(6, '2024-02-28 09:45:00'),
(28, '2024-03-02 16:00:00'),
(30, '2024-03-05 14:20:00'),
(11, '2024-03-08 08:00:00'),
(13, '2024-03-11 17:30:00'),
(16, '2024-03-14 11:10:00'),
(20, '2024-03-17 13:00:00'),
(26, '2024-03-20 09:15:00'),
(27, '2024-03-23 15:10:00'),
(32, '2024-03-26 14:30:00'),
(17, '2024-03-29 08:45:00'),
(10, '2024-04-01 10:30:00'),
(21, '2024-04-04 12:30:00'),
(29, '2024-04-07 16:30:00'),
(33, '2024-04-10 11:00:00'),
(7, '2024-04-13 13:30:00'),
(36, '2024-04-16 15:00:00'),
(42, '2024-04-19 10:00:00'),
(39, '2024-04-22 16:00:00'),
(24, '2024-04-25 09:30:00'),
(38, '2024-04-28 14:00:00'),
(47, '2024-05-01 12:00:00'),
(48, '2024-05-04 15:30:00'),
(44, '2024-05-07 11:30:00'),
(45, '2024-05-10 13:00:00'),
(46, '2024-05-13 14:30:00'),
(50, '2024-05-16 16:00:00'),
(31, '2024-05-19 08:30:00'),
(40, '2024-05-22 17:30:00'),
(49, '2024-05-25 09:00:00'),
(37, '2024-05-28 15:30:00'),
(34, '2024-06-01 11:00:00'),
(35, '2024-06-04 12:30:00'),
(41, '2024-06-07 16:30:00'),
(43, '2024-06-10 13:00:00'),
(5, '2024-06-13 10:00:00'),
(8, '2024-06-16 09:00:00'),
(2, '2024-06-19 14:00:00'),
(12, '2024-06-22 13:30:00'),
(15, '2024-06-25 15:00:00'),
(9, '2024-06-28 16:30:00'),
(19, '2024-07-01 11:30:00'),
(23, '2024-07-04 09:30:00'),
(25, '2024-07-07 14:00:00'),
(7, '2024-07-10 15:00:00'),
(36, '2024-07-13 10:00:00'),
(39, '2024-07-16 09:00:00'),
(3, '2024-07-19 14:00:00'),
(27, '2024-07-22 13:30:00'),
(24, '2024-07-25 15:30:00'),
(38, '2024-07-28 11:30:00'),
(47, '2024-08-01 09:00:00'),
(13, '2024-08-04 14:30:00'),
(21, '2024-08-07 13:00:00'),
(17, '2024-08-10 16:00:00'),
(10, '2024-08-13 09:30:00'),
(20, '2024-08-16 08:00:00'),
(33, '2024-08-19 14:30:00'),
(29, '2024-08-22 13:00:00'),
(1, '2024-08-25 15:30:00'),
(6, '2024-08-28 11:00:00'),
(28, '2024-09-01 12:30:00'),
(16, '2024-09-04 16:30:00'),
(26, '2024-09-07 13:00:00'),
(32, '2024-09-10 10:30:00'),
(31, '2024-09-13 08:00:00'),
(48, '2024-09-16 14:00:00'),
(50, '2024-09-19 16:00:00'),
(45, '2024-09-22 09:30:00'),
(11, '2024-09-25 15:30:00'),
(34, '2024-09-28 11:00:00');

-- Data para sale details
INSERT INTO "sale_details" ("sale_id", "product_id", "quantity") VALUES
(1, 101, 3),
(1, 125, 2),
(2, 102, 4),
(2, 126, 1),
(3, 103, 2),
(3, 127, 3),
(4, 104, 5),
(4, 128, 2),
(5, 105, 1),
(5, 129, 4),
(6, 106, 3),
(6, 130, 2),
(7, 107, 2),
(7, 131, 3),
(8, 108, 4),
(8, 132, 1),
(9, 109, 2),
(9, 133, 5),
(10, 110, 3),
(10, 134, 2),
(11, 111, 2),
(11, 135, 4),
(12, 112, 1),
(12, 136, 3),
(13, 113, 2),
(13, 137, 5),
(14, 114, 3),
(14, 138, 2),
(15, 115, 4),
(15, 139, 1),
(16, 116, 2),
(16, 140, 3),
(17, 117, 5),
(17, 141, 2),
(18, 118, 1),
(18, 142, 4),
(19, 119, 3),
(19, 143, 2),
(20, 120, 2),
(20, 144, 5),
(21, 121, 4),
(21, 145, 1),
(22, 122, 3),
(22, 146, 2),
(23, 123, 2),
(23, 147, 3),
(24, 124, 4),
(24, 148, 1),
(25, 125, 5),
(25, 149, 2),
(26, 126, 3),
(26, 150, 2),
(27, 127, 1),
(27, 151, 4),
(28, 128, 2),
(28, 152, 3),
(29, 129, 5),
(29, 153, 2),
(30, 130, 3),
(30, 154, 1),
(31, 131, 4),
(31, 155, 2),
(32, 132, 2),
(32, 156, 3),
(33, 133, 1),
(33, 157, 4),
(34, 134, 5),
(34, 158, 2),
(35, 135, 3),
(35, 159, 2),
(36, 136, 4),
(36, 160, 1),
(37, 137, 2),
(37, 161, 3),
(38, 138, 5),
(38, 162, 2),
(39, 139, 3),
(39, 163, 2),
(40, 140, 1),
(40, 164, 4),
(41, 141, 2),
(41, 165, 3),
(42, 142, 5),
(42, 166, 2),
(43, 143, 3),
(43, 167, 1),
(44, 144, 4),
(44, 168, 2),
(45, 145, 2),
(45, 169, 3),
(46, 146, 5),
(46, 170, 1),
(47, 147, 4),
(47, 171, 2),
(48, 148, 3),
(48, 172, 2),
(49, 149, 2),
(49, 173, 4),
(50, 150, 5),
(50, 174, 1),
(51, 151, 3),
(51, 175, 2),
(52, 152, 4),
(52, 176, 1),
(53, 153, 2),
(53, 177, 3),
(54, 154, 5),
(54, 178, 2),
(55, 155, 3),
(55, 179, 2),
(56, 156, 1),
(56, 180, 4),
(57, 157, 2),
(57, 181, 3),
(58, 158, 5),
(58, 182, 2),
(59, 159, 3),
(59, 183, 2),
(60, 160, 1),
(60, 184, 4),
(61, 161, 2),
(61, 185, 3),
(62, 162, 5),
(62, 186, 2),
(63, 163, 3),
(63, 187, 1),
(64, 164, 4),
(64, 188, 2),
(65, 165, 2),
(65, 189, 3),
(66, 166, 5),
(66, 190, 2),
(67, 167, 3),
(67, 191, 2),
(68, 168, 1),
(68, 192, 4),
(69, 169, 2),
(69, 193, 3),
(70, 170, 5),
(70, 194, 1),
(71, 171, 4),
(71, 195, 2),
(72, 172, 3),
(72, 196, 2),
(73, 173, 2),
(73, 197, 3),
(74, 174, 5),
(74, 198, 1),
(75, 175, 3),
(75, 101, 2),
(76, 176, 4),
(76, 102, 1),
(77, 177, 2),
(77, 103, 3),
(78, 178, 5),
(78, 104, 2),
(79, 179, 3),
(79, 105, 2),
(80, 180, 1),
(80, 106, 4),
(81, 181, 2),
(81, 107, 3),
(82, 182, 5),
(82, 108, 2),
(83, 183, 3),
(83, 109, 2),
(84, 184, 1),
(84, 110, 4),
(85, 185, 2),
(85, 111, 3),
(86, 186, 5),
(86, 112, 2),
(87, 187, 3),
(87, 113, 2),
(88, 188, 1),
(88, 114, 4),
(88, 189, 2),
(88, 115, 3),
(30, 190, 5),
(40, 116, 2),
(11, 191, 3),
(21, 117, 1),
(22, 192, 4),
(42, 118, 2),
(53, 193, 2),
(63, 119, 3),
(74, 194, 5),
(84, 120, 1),
(75, 195, 3),
(65, 121, 2),
(36, 196, 4),
(56, 122, 2),
(17, 197, 2),
(27, 123, 3),
(18, 198, 5),
(18, 124, 1),
(80, 101, 3),
(70, 125, 2),
(50, 102, 4),
(40, 126, 1);
